Close/Last,SMA10,SMA50,Signal
0.042399,,,0.0
0.04681,,,0.0
0.045223,,,0.0
0.048309,,,0.0
0.047209,,,0.0
0.04634,,,0.0
0.04754,,,0.0
0.049841,,,0.0
0.050909,,,0.0
0.050038,0.0474618,,0.0
0.049607,0.0481826,,0.0
0.071307,0.0506323,,0.0
0.067204,0.0528304,,0.0
0.064422,0.0544417,,0.0
0.068442,0.056565,,0.0
0.063938,0.058324799999999996,,0.0
0.064598,0.0600306,,0.0
0.059823,0.06102880000000001,,0.0
0.064847,0.06242260000000001,,0.0
0.072841,0.0647029,,0.0
0.071419,0.06688409999999999,,0.0
0.077344,0.06748780000000001,,0.0
0.084949,0.0692623,,0.0
0.097925,0.0726126,,0.0
0.084781,0.0742465,,0.0
0.081133,0.075966,,0.0
0.083356,0.0778418,,0.0
0.082134,0.08007289999999999,,0.0
0.083207,0.08190889999999999,,0.0
0.084498,0.0830746,,0.0
0.077354,0.0836681,,0.0
0.079356,0.0838693,,0.0
0.080692,0.08344359999999999,,0.0
0.080094,0.0816605,,0.0
0.085133,0.0816957,,0.0
0.091222,0.0827046,,0.0
0.089844,0.0833534,,0.0
0.091049,0.0842449,,0.0
0.085366,0.0844608,,0.0
0.089582,0.0849692,,0.0
0.094405,0.08667430000000001,,0.0
0.093775,0.0881162,,0.0
0.086445,0.0886915,,0.0
0.082639,0.088946,,0.0
0.082514,0.0886841,,0.0
0.082655,0.0878274,,0.0
0.084888,0.08733179999999999,,0.0
0.082564,0.08648330000000001,,0.0
0.079361,0.0858828,,0.0
0.084501,0.0853747,0.07311664000000001,0.0
0.086861,0.0846203,0.07400588,0.0
0.094145,0.0846573,0.07495258,0.0
0.088936,0.0849064,0.07582684,0.0
0.091006,0.0857431,0.07668077999999999,0.0
0.091615,0.08665320000000001,0.0775689,0.0
0.092265,0.0876142,0.0784874,0.0
0.092699,0.08839530000000001,0.07939058,0.0
0.089909,0.0891298,0.08019194,0.0
0.088391,0.0900328,0.08094158,0.0
0.089097,0.0904924,0.08172276,0.0
0.091901,0.0909964,0.08256864,0.0
0.096248,0.0912067,0.08306746000000001,0.0
0.095012,0.0918143,0.08362362,0.0
0.098191,0.0925328,0.084299,0.0
0.096376,0.09300889999999999,0.08485768,0.0
0.095516,0.093334,0.08548924,0.0
0.087051,0.0927692,0.08593829999999998,0.0
0.085457,0.09232399999999999,0.08645098000000001,0.0
0.089926,0.09247749999999999,0.08695255999999998,0.0
0.085209,0.0920887,0.08719992,0.0
0.082386,0.0911372,0.08741926,0.0
0.082109,0.08972329999999999,0.08751456,0.0
0.081222,0.0883443,0.08744002000000002,0.0
0.077592,0.08628440000000001,0.08703336,0.0
0.076956,0.08434240000000001,0.08687686,0.0
0.076869,0.0824777,0.08679158,0.0
0.079152,0.0816878,0.08670749999999999,0.0
0.080436,0.0811857,0.08667354000000001,0.0
0.077815,0.0799746,0.08656569999999998,0.0
0.070885,0.07854219999999999,0.08629344,0.0
0.06518,0.0768216,0.08604996,0.0
0.068376,0.0754483,0.08583036,0.0
0.066705,0.0739966,0.08555062000000001,0.0
0.056471,0.07188449999999999,0.08507816,0.0
0.059418,0.0701307,0.08456385999999999,0.0
0.050174,0.0674612,0.08374290000000001,0.0
0.055744,0.0651204,0.08306090000000001,0.0
0.058111,0.0628879,0.08240214,0.0
0.060636,0.06117,0.08190754,0.0
0.06263,0.0603445,0.0813685,0.0
0.061281,0.059954600000000004,0.08070601999999999,0.0
0.059023,0.0590193,0.08001098000000001,0.0
0.054031,0.0577519,0.07936270000000001,0.0
0.059537,0.0580585,0.07890066,0.0
0.056912,0.0578079,0.07838861999999999,0.0
0.062285,0.059019,0.07798122,0.0
0.059255,0.0593701,0.07746855999999999,0.0
0.059787,0.059537700000000006,0.07701302,0.0
0.059588,0.0594329,0.07661756,0.0
0.060252,0.0591951,0.07613258,0.0
0.059347,0.059001700000000004,0.0755823,0.0
0.058221,0.0589215,0.07486382,0.0
0.058209,0.0593393,0.07424928,0.0
0.057584,0.05914400000000001,0.07358084000000001,0.0
0.056599,0.0591127,0.07288052,0.0
0.055868,0.05847100000000001,0.07215258,0.0
0.054724,0.0580179,0.07139308,0.0
0.05431,0.05747019999999999,0.0706811,0.0
0.055145,0.0570259,0.07001618000000001,0.0
0.052031,0.056203800000000005,0.06927486,0.0
0.047801,0.0550492,0.06839286,0.0
0.046476,0.0538747,0.06739742,0.0
0.046361,0.0526899,0.06642440000000001,0.0
0.044963,0.0514278,0.06535984,0.0
0.044326,0.0502005,0.06431884,0.0
0.044099,0.0490236,0.0632905,0.0
0.046341,0.0481853,0.0624763,0.0
0.046563,0.047410600000000004,0.061698420000000004,0.0
0.04619,0.046515100000000004,0.0608237,0.0
0.045759,0.0458879,0.0600347,0.0
0.044825,0.0455903,0.05928348,0.0
0.045132,0.0454559,0.05854394,0.0
0.045771,0.045396900000000004,0.05783492,0.0
0.046605,0.0455611,0.05721518,0.0
0.047371,0.0458656,0.05662348,0.0
0.047112,0.0461669,0.056028339999999996,0.0
0.050134,0.0465462,0.05544798,0.0
0.052201,0.04711,0.05488328,0.0
0.050623,0.0475533,0.05433944,0.0
0.053007,0.048278100000000004,0.05398188,0.0
0.050117,0.0488073,0.05368062,0.0
0.04826,0.0491201,0.053278299999999994,0.0
0.046096,0.0491526,0.052866119999999996,0.0
0.03929,0.0484211,0.0525225,0.0
0.038269,0.047510899999999995,0.05209952,0.0
0.037544,0.0465541,0.05184692,0.0
0.039013,0.045441999999999996,0.0515123,0.0
0.038245,0.0440464,0.051114980000000004,0.0
0.036843,0.0426684,0.05063912,0.0
0.039259,0.0412936,0.0501717,0.0
0.038292,0.0401111,0.04971192,0.0
0.039187,0.0392038,0.0493152,0.0
0.037975,0.0383917,0.04899408,0.0
0.03934,0.0383967,0.04859013999999999,0.0
0.039442,0.03851400000000001,0.048240740000000004,0.0
0.039334,0.038693,0.04778172000000001,0.0
0.042029,0.0389946,0.047437200000000006,0.0
0.040898,0.0392599,0.047059420000000005,0.0
0.041774,0.039753,0.046703140000000004,0.0
0.041225,0.0399496,0.0463226,0.0
0.040281,0.0401485,0.045941279999999994,0.0
0.040655,0.04029529999999999,0.04558996,0.0
0.041508,0.0406486,0.04525594,0.0
0.041511,0.0408657,0.04493448,0.0
0.039483,0.0408698,0.04459216,0.0
0.038184,0.0407548,0.044238480000000004,0.0
0.039405,0.0404924,0.0439321,0.0
0.037602,0.0401628,0.04359794,0.0
0.0385,0.0398354,0.04326504,0.0
0.039104,0.03962329999999999,0.0430065,0.0
0.039443,0.0395395,0.042839340000000004,0.0
0.038536,0.039327600000000004,0.04268054,0.0
0.036149,0.0387917,0.0424763,0.0
0.03752,0.0383926,0.042327439999999994,0.0
0.042474,0.0386917,0.042290400000000006,0.0
0.0398,0.03885329999999999,0.04220441999999999,0.0
0.043631,0.0392759,0.042150219999999995,0.0
0.042742,0.0397899,0.042073799999999995,0.0
0.043891,0.040329,0.04202782,0.0
0.041388,0.04055740000000001,0.0419404,0.0
0.041204,0.0407335,0.041867980000000006,0.0
0.041962,0.0410761,0.04180458,0.0
0.042196,0.041680800000000004,0.041733080000000006,0.0
0.041692,0.042098000000000003,0.04163482,0.0
0.043991,0.0422497,0.04156722,0.0
0.043798,0.0426495,0.04150094,0.0
0.043869,0.0426733,0.04137563999999999,0.0
0.043747,0.042773799999999994,0.04120656,0.0
0.042479,0.04263260000000001,0.04104368,0.0
0.042376,0.042731399999999996,0.04083106,0.0
0.043567,0.042967700000000005,0.04070006,0.0
0.043764,0.0431479,0.04061014,0.0
0.043365,0.043264800000000006,0.04055552,0.0
0.043232,0.0434188,0.040634359999999994,0.0
0.042041,0.0432238,0.0407098,0.0
0.044359,0.043279899999999996,0.040846099999999996,0.0
0.043761,0.0432691,0.04094106,0.0
0.044307,0.043325100000000005,0.0410623,0.0
0.043328,0.04341,0.041192,0.0
0.04233,0.0434054,0.04125342,0.0
0.040889,0.0431376,0.04130536,0.0
0.038203,0.0425815,0.04128568,0.0
0.037162,0.0419612,0.04126942000000001,0.0
0.037677,0.041405700000000004,0.04123616,0.0
0.034154,0.040617,0.041130400000000004,0.0
0.036578,0.0398389,0.041075280000000006,0.0
0.036474,0.0391102,0.040964179999999996,0.0
0.03855,0.0385345,0.04091722,0.0
0.04067,0.0382687,0.04089514,0.0
0.041148,0.0381505,0.0408936,0.0
0.038882,0.0379498,0.04086562,0.0
0.038796,0.038009100000000004,0.040828439999999994,0.0
0.038093,0.038102199999999996,0.04076014,0.0
0.036548,0.0379893,0.040660879999999996,0.0
0.036973,0.0382712,0.040610679999999996,0.0
0.037526,0.038366,0.04059752,0.0
0.038693,0.038587899999999994,0.040583280000000006,0.0
0.038198,0.038552699999999995,0.0405952,0.0
0.038513,0.038336999999999996,0.04059546,0.0
0.037232,0.037945400000000004,0.04055802,0.0
0.036611,0.037718299999999996,0.040501380000000003,0.0
0.036148,0.0374535,0.040453619999999996,0.0
0.0367,0.037314200000000006,0.040464639999999996,0.0
0.037284,0.0373878,0.04045992,0.0
0.03599,0.037289499999999996,0.04033024,0.0
0.035949,0.0371318,0.04025322,0.0
0.033592,0.0366217,0.04005244,0.0
0.032052,0.0360071,0.039838639999999995,0.0
0.033788,0.0355346,0.039636580000000005,0.0
0.033019,0.0351133,0.0394692,0.0
0.033358,0.034788,0.03931228,0.0
0.033397,0.0345129,0.03914098,0.0
0.034208,0.034263699999999994,0.038981220000000004,0.0
0.033143,0.0338496,0.03881024,0.0
0.033789,0.0336295,0.0386062,0.0
0.033561,0.0333907,0.038401460000000005,0.0
0.034032,0.0334347,0.03820472,0.0
0.032768,0.0335063,0.03798514,0.0
0.033498,0.0334773,0.03780552,0.0
0.034212,0.0335966,0.03764224,0.0
0.033422,0.033603,0.03743934,0.0
0.033032,0.0335665,0.0372247,0.0
0.033041,0.0334498,0.03701822,0.0
0.033622,0.033497700000000005,0.03682602,0.0
0.033887,0.0335075,0.03666294,0.0
0.034639,0.0336153,0.03646854,0.0
0.035428,0.0337549,0.03630188,0.0
0.037086,0.0341867,0.036157459999999995,0.0
0.037542,0.0345911,0.03604174,0.0
0.036034,0.03477329999999999,0.03591582,0.0
0.035386,0.0349697,0.03580576,0.0
0.036981,0.035364599999999996,0.03578132,0.0
0.036974,0.035757899999999995,0.03577756,0.0
0.037083,0.036104000000000004,0.03576568,0.0
0.037748,0.0364901,0.035837560000000004,0.0
0.040543,0.037080499999999995,0.03591686,0.0
0.041089,0.0376466,0.03600916,0.0
0.042183,0.0381563,0.03608182,0.0
0.043579,0.03876,0.036140000000000005,0.0
0.045549,0.0397115,0.03622802,0.0
0.042118,0.0403847,0.036292740000000004,0.0
0.045377,0.041224300000000005,0.03642436,0.0
0.045538,0.0420807,0.03657326,0.0
0.044585,0.0428309,0.036734,0.0
0.041954,0.043251500000000005,0.03683362,0.0
0.043697,0.0435669,0.036957040000000003,0.0
0.043197,0.043777699999999996,0.03704712,0.0
0.044673,0.0440267,0.03717662,0.0
0.048285,0.0444973,0.03737206,0.0
0.055546,0.045497,0.03773834,0.0
0.05428,0.046713199999999996,0.038091719999999996,0.0
0.054655,0.047641,0.03846186,0.0
0.055116,0.048598800000000004,0.03883018,0.0
0.05792,0.0499323,0.0392429,0.0
0.056458,0.0513827,0.03965226,0.0
0.055809,0.052593900000000006,0.040049459999999995,0.0
0.056448,0.05391900000000001,0.04050658,0.0
0.060055,0.0554572,0.04106664,0.0
0.061209,0.0567496,0.04161506,0.0
0.059327,0.057127700000000003,0.04214122,0.0
0.061439,0.057843599999999995,0.04270284,0.0
0.060805,0.05845859999999999,0.043251,0.0
0.058964,0.058843400000000004,0.04374612,0.0
0.064875,0.05953889999999999,0.044380760000000005,0.0
0.070861,0.06097919999999999,0.0451222,0.0
0.069188,0.06231709999999999,0.04583474,0.0
0.069717,0.063644,0.046548439999999996,0.0
0.0666,0.06429850000000001,0.04722508,0.0
0.057669,0.06394449999999999,0.0477085,0.0
0.057277,0.06373949999999999,0.0481698,0.0
0.061905,0.0637861,0.04873946,0.0
0.057465,0.0634521,0.04922812000000001,0.0
0.058974,0.06345310000000001,0.04974678,0.0
0.057738,0.0627394,0.0502291,0.0
0.059368,0.0615901,0.050738719999999994,0.0
0.05935,0.0606063,0.05123294,0.0
0.057651,0.0593997,0.051677400000000005,0.0
0.052856,0.0580253,0.0519928,0.0
0.048395,0.0570979,0.05220986,0.0
0.050243,0.0563945,0.05249404,0.0
0.049576,0.0551616,0.052777840000000006,0.0
0.047693,0.0541844,0.052992080000000004,0.0
0.046786,0.0529656,0.05318832,0.0
0.048863,0.052078099999999995,0.05342391999999999,0.0
0.049378,0.0510791,0.053656520000000006,0.0
0.049559,0.0501,0.053836840000000004,0.0
0.050768,0.049411699999999996,0.054030419999999996,0.0
0.051069,0.049233,0.05420814,0.0
0.047712,0.0491647,0.0542908,0.0
0.042481,0.048388499999999994,0.054229440000000004,0.0
0.041421,0.047573,0.05421550000000001,0.0
0.041526,0.04695629999999999,0.054138479999999996,0.0
0.036676,0.0459453,0.053961239999999994,0.0
0.023521,0.0434111,0.05353996,0.0
0.028604,0.0413337,0.05327296000000001,0.0
0.025897,0.0389675,0.05291696,0.0
0.026234,0.03651410000000001,0.052577700000000005,0.0
0.025564,0.0339636,0.05219552,0.0
0.026325,0.0318249,0.051756319999999995,0.0
0.02607,0.030183800000000004,0.051166800000000005,0.0
0.029978,0.029039499999999996,0.05068076,0.0
0.029632,0.0278501,0.0501803,0.0
0.030134,0.027195900000000002,0.04968066,0.0
0.027533,0.027597100000000003,0.04907292,0.0
0.02931,0.0276677,0.048529960000000004,0.0
0.029485,0.0280265,0.04800348000000001,0.0
0.029689,0.028372,0.0474683,0.0
0.031273,0.0289429,0.04689266,0.0
0.02827,0.0291374,0.046233880000000005,0.0
0.029429,0.029473299999999997,0.045635919999999996,0.0
0.028425,0.029318,0.04497564,0.0
0.029925,0.0293473,0.04435804,0.0
0.030584,0.0293923,0.04379044000000001,0.0
0.031133,0.0297523,0.043115600000000004,0.0
0.032147,0.030036,0.042341319999999995,0.0
0.031987,0.030286200000000003,0.0415973,0.0
0.032255,0.030542800000000002,0.040848060000000005,0.0
0.032268,0.0306423,0.04016142,0.0
0.035918,0.0314071,0.0397264,0.0
0.036545,0.0321187,0.03931176,0.0
0.03608,0.032884199999999995,0.03879526,0.0
0.035133,0.033405000000000004,0.03834862,0.0
0.033729,0.0337195,0.03784372,0.0
0.03304,0.0339102,0.03734976,0.0
0.032085,0.033904000000000004,0.0368041,0.0
0.033439,0.0340492,0.03628588,0.0
0.033628,0.034186499999999995,0.035805420000000004,0.0
0.031811,0.0341408,0.03538452,0.0
0.034538,0.0340028,0.03510738,0.0
0.034971,0.033845400000000005,0.03480194,0.0
0.036716,0.033909,0.034544740000000004,0.0
0.036056,0.0340013,0.034312,0.0
0.034165,0.0340449,0.03405958,0.0
0.034497,0.0341906,0.03377226,0.0
0.037261,0.0347082,0.03352992,0.0
0.043152,0.035679499999999996,0.03340178,0.0
0.042032,0.0365199,0.03322706,0.0
0.04246,0.0375848,0.03305488,0.0
0.046951,0.0388261,0.03303966,0.0
0.04742,0.040070999999999996,0.03313844,0.0
0.047082,0.0411076,0.03325166,0.0
0.05396,0.042898000000000006,0.033500339999999997,0.0
0.048255,0.044307,0.03373192,0.0
0.050296,0.045886899999999994,0.03426742,0.0
0.05137,0.0472978,0.03472274,0.0
0.048362,0.0478188,0.03517204,0.0
0.049954,0.048611,0.03564644,0.0
0.04936,0.049301,0.03612236,0.0
0.050089,0.0496148,0.03659764,0.0
0.052468,0.0501196,0.0371256,0.0
0.052962,0.0507076,0.03758528,0.0
0.046561,0.0499677,0.037923860000000004,0.0
0.046206,0.0497628,0.0382453,0.0
0.050334,0.0497666,0.03870132,0.0
0.050272,0.0496568,0.03912056,0.0
0.051601,0.0499807,0.039562879999999995,0.0
0.050596,0.0500449,0.039981020000000006,0.0
0.051095,0.050218399999999996,0.040377460000000004,0.0
0.051336,0.050343099999999995,0.04083877999999999,0.0
0.054707,0.050566999999999994,0.04134434,0.0
0.05289,0.0505598,0.04183364,0.0
0.055942,0.0514979,0.04235398,0.0
0.056506,0.052527899999999995,0.04287242,0.0
0.051858,0.0526803,0.04328691999999999,0.0
0.056202,0.0532733,0.043768020000000005,0.0
0.055941,0.0537073,0.044247100000000004,0.0
0.051981,0.0538458,0.04464162,0.0
0.053677,0.054104,0.04506979999999999,0.0
0.053469,0.0543173,0.04542082000000001,0.0
0.055051,0.0543517,0.045790939999999995,0.0
0.064676,0.0555303,0.04636285999999999,0.0
0.065808,0.0565169,0.04697636,0.0
0.075302,0.058396500000000004,0.04780782,0.0
0.081917,0.0614024,0.04878535999999999,0.0
0.081509,0.06393309999999999,0.04977384,0.0
0.078104,0.0661494,0.05066714,0.0
0.088554,0.0698067,0.051765660000000005,0.0
0.087012,0.0731402,0.05286968,0.0
0.086277,0.07642099999999999,0.05390446,0.0
0.088055,0.0797214,0.054966140000000004,0.0
0.085856,0.08183939999999999,0.05594894,0.0
0.085267,0.0837853,0.05693316,0.0
0.081166,0.08437170000000001,0.057873179999999996,0.0
0.083817,0.08456169999999999,0.05885958,0.0
0.077016,0.0841124,0.05965468,0.0
0.077979,0.08409989999999999,0.060351220000000004,0.0
0.078063,0.08305080000000001,0.06107184,0.0
0.078194,0.082169,0.06178652,0.0
0.079202,0.0814615,0.062431539999999994,0.0
0.07825,0.080481,0.06304814,0.0
0.08362,0.0802574,0.0637789,0.0
0.079068,0.0796375,0.06428106,0.0
0.079875,0.07950839999999999,0.06491346,0.0
0.079396,0.0790663,0.06549546,0.0
0.079869,0.0793516,0.06606544,0.0
0.083089,0.0798626,0.06675998,0.0
0.08539,0.08059530000000001,0.0674687,0.0
0.07959,0.0807349,0.0680733,0.0
0.08111,0.08092569999999999,0.06869372,0.0
0.080556,0.0811563,0.06925548,0.0
0.076475,0.0804418,0.06972574,0.0
0.082834,0.08081839999999998,0.07045119999999999,0.0
0.083962,0.0812271,0.07120632,0.0
0.083004,0.0815879,0.07185972,0.0
0.094852,0.0830862,0.07275132,0.0
0.093353,0.0841126,0.07358636,0.0
0.098209,0.0853945,0.07453862,0.0
0.097932,0.0872287,0.07547536,0.0
0.098457,0.0889634,0.07641778,0.0
0.104915,0.09139929999999999,0.07742194000000001,0.0
0.132877,0.0970395,0.07902168,0.0
0.122526,0.10100869999999999,0.08035336000000001,0.0
0.121074,0.1047199,0.08164472,0.0
0.12069,0.10848849999999999,0.08302135999999999,0.0
0.125256,0.1115289,0.08440244,0.0
0.130907,0.1152843,0.08590176,0.0
0.123898,0.11785320000000002,0.08734009999999999,0.0
0.131832,0.1212432,0.08890320000000002,0.0
0.130881,0.1244856,0.09045144000000001,0.0
0.124521,0.1264462,0.09184083999999998,0.0
0.120068,0.12516529999999998,0.09294868,0.0
0.122816,0.1251943,0.09408883999999999,0.0
0.123459,0.1254328,0.09505198,0.0
0.118724,0.12523619999999996,0.09578811999999999,0.0
0.121501,0.1248607,0.09658795999999999,0.0
0.124543,0.1242243,0.09751673999999999,0.0
0.122871,0.12412159999999998,0.09820307999999998,0.0
0.1297,0.12390839999999999,0.09905684,0.0
0.14855,0.1256753,0.1003023,0.0
0.142,0.12742320000000001,0.1013812,0.0
0.137453,0.1291617,0.10241313999999999,0.0
0.145619,0.131442,0.10362017999999999,0.0
0.139993,0.1330954,0.10479672000000001,0.0
0.138719,0.1350949,0.10589476000000002,0.0
0.140603,0.13700510000000002,0.1071665,0.0
0.147789,0.1393297,0.1085627,0.0
0.134754,0.140518,0.10969652,0.0
0.136675,0.1412155,0.11086613999999999,0.0
0.144257,0.14078620000000003,0.11216724000000002,0.0
0.141799,0.1407661,0.11343821999999999,0.0
0.143604,0.1413812,0.1146379,0.0
0.138681,0.1406874,0.11583016,0.0
0.148226,0.1415107,0.11719718,0.0
0.145079,0.14214670000000001,0.11851084,0.0
0.143019,0.14238830000000002,0.11977384,0.0
0.132048,0.1408142,0.12075302,0.0
0.138616,0.1412004,0.12181754,0.0
0.138704,0.1414033,0.12299982,0.0
0.137457,0.1407233,0.12412675999999999,0.0
0.138343,0.1403777,0.1252825,0.0
0.138689,0.13988620000000002,0.12652678,0.0
0.141479,0.140166,0.12769967999999998,0.0
0.132461,0.1385895,0.12866966,0.0
0.12898,0.1369796,0.12958918,0.0
0.131612,0.13583889999999998,0.13032438,0.0
0.121586,0.1347927,0.13088903999999998,0.0
0.123718,0.1333029,0.13139922,0.0
0.123106,0.1317431,0.1319027,0.0
0.122411,0.13023849999999998,0.13238178,0.0
0.112826,0.1276868,0.13254000000000002,0.0
0.113701,0.12518800000000002,0.13215648,0.0
0.108607,0.12190079999999999,0.1318781,0.0
0.109187,0.11957340000000001,0.13164035999999998,0.0
0.117793,0.11845469999999998,0.13158242,0.0
0.116657,0.1169592,0.13141044,0.0
0.123675,0.1171681,0.13126580000000002,0.0
0.123081,0.1171044,0.13124945999999998,0.0
0.114232,0.11621699999999999,0.13089746,0.0
0.09616,0.11359190000000001,0.13020304,0.0
0.101153,0.11242460000000001,0.12973568,0.0
0.087569,0.10981139999999998,0.1290857,0.0
0.091527,0.1081034,0.12845992,0.0
0.093327,0.10651740000000001,0.12785728,0.0
0.089507,0.1036888,0.12727294,0.0
0.09591,0.1016141,0.12676112,0.0
0.094446,0.0986912,0.12615918,0.0
0.09772,0.0961551,0.12565616000000002,0.0
0.099095,0.0946414,0.12504406,0.0
0.09453,0.0944784,0.12396366,0.0
0.096964,0.09405949999999999,0.12306294,0.0
0.091017,0.0944043,0.12213422,0.0
0.09161,0.0944126,0.12105404,0.0
0.093354,0.09441530000000001,0.12012125999999998,0.0
0.090779,0.0945425,0.11916246,0.0
0.091493,0.0941008,0.11818026,0.0
0.089673,0.0936235,0.11701794,0.0
0.080929,0.09194440000000001,0.11594144,0.0
0.081638,0.09019869999999999,0.1148407,0.0
0.077577,0.0885034,0.1135071,0.0
0.086088,0.0874158,0.11239288,0.0
0.095754,0.0878895,0.11143587999999999,0.0
0.098094,0.0885379,0.11062414000000001,0.0
0.104949,0.08969740000000001,0.10975859999999998,0.0
0.101673,0.0907868,0.10889047999999998,0.0
0.098599,0.0914974,0.10800208,0.0
0.10274,0.0928041,0.10741591999999998,0.0
0.0995,0.0946612,0.10663360000000001,0.0
0.094797,0.09597710000000001,0.10575546000000001,0.0
0.092478,0.0974672,0.10485588,0.0
0.098118,0.09867020000000001,0.10405138000000001,0.0
0.098242,0.098919,0.10324244,0.0
0.091167,0.09822630000000002,0.1022362,0.0
0.093068,0.09703819999999999,0.10144834,0.0
0.096177,0.0964886,0.10079227999999998,0.0
0.106688,0.0972975,0.1002938,0.0
0.10421,0.0974445,0.09994628,0.0
0.107015,0.09819599999999999,0.09961222000000002,0.0
0.110782,0.0997945,0.09936574000000001,0.0
0.110103,0.10155700000000001,0.09911958,0.0
0.105801,0.1023253,0.09897908,0.0
0.106575,0.10315860000000002,0.09883656,0.0
0.106292,0.10467110000000002,0.09879025999999999,0.0
0.105684,0.10593270000000002,0.09872020000000001,0.0
0.106173,0.10693230000000001,0.09848780000000001,0.0
0.108509,0.10711439999999998,0.09832484000000001,0.0
0.104647,0.1071581,0.09794428,0.0
0.105677,0.1070243,0.0975962,0.0
0.111159,0.10706199999999999,0.09753474,0.0
0.108777,0.1069294,0.09778708,0.0
0.108235,0.1071728,0.09792872000000001,0.0
0.106843,0.10719959999999999,0.09831419999999999,0.0
0.103016,0.106872,0.09854398,0.0
0.102474,0.10655099999999999,0.09872692000000001,0.0
0.099819,0.1059156,0.09893316,0.0
0.092616,0.10432630000000001,0.09886728,0.0
0.093129,0.10317449999999999,0.09884093999999999,0.0
0.093109,0.1019177,0.09874872,0.0
0.098015,0.10060329999999999,0.09872712,0.0
0.089342,0.09865979999999999,0.09862336000000001,0.0
0.094025,0.0972388,0.09856458,0.0
0.095397,0.09609419999999999,0.09865218,0.0
0.101641,0.09595669999999999,0.0988528,0.0
0.110909,0.0968002,0.09920390000000001,0.0
0.103381,0.0971564,0.09945593999999999,0.0
0.104021,0.09829689999999999,0.0997065,0.0
0.106873,0.09967129999999999,0.10005049999999999,0.0
0.106346,0.10099499999999999,0.10055883999999998,0.0
0.10643,0.1018365,0.10105468000000001,0.0
0.105845,0.10348679999999999,0.10162004,0.0
0.105476,0.1046319,0.1020078,0.0
0.103544,0.10544659999999999,0.1021636,0.0
0.101405,0.105423,0.10222982,0.0
0.106424,0.1049745,0.10225932,0.0
0.109737,0.1056101,0.1024206,0.0
0.106655,0.1058735,0.10258172,0.0
0.107377,0.1059239,0.10267446000000001,0.0
0.117656,0.1070549,0.10303758,0.0
0.128374,0.1092493,0.10370911999999999,0.0
0.148191,0.1134839,0.10482338000000001,0.0
0.178282,0.12076450000000001,0.10642665999999998,0.0
0.160968,0.1265069,0.10768117999999999,0.0
0.13293,0.1296594,0.10851644,0.0
0.137631,0.1327801,0.10940770000000001,0.0
0.140146,0.135821,0.11028708,0.0
0.161788,0.1413343,0.11138908,0.0
0.166779,0.1472745,0.11264046,0.0
0.168949,0.1524038,0.11387913999999999,0.0
0.152549,0.1548213,0.11471448000000001,0.0
0.157602,0.1557624,0.11566446,0.0
0.160176,0.1539518,0.11675196,0.0
0.153716,0.1532266,0.11769478,0.0
0.157755,0.1557091,0.11872403999999999,0.0
0.156855,0.15763149999999998,0.11974746,0.0
0.154173,0.1590342,0.12070746,0.0
0.137939,0.1566493,0.12129605999999998,0.0
0.146634,0.15463480000000002,0.1221358,0.0
0.13866,0.1516059,0.12279546,0.0
0.145733,0.15092429999999998,0.12348694,0.0
0.144387,0.1496028,0.12419914,0.0
0.151025,0.1486877,0.12505493999999998,0.0
0.157005,0.1490166,0.12605818000000002,0.0
0.150666,0.1483077,0.12701118,0.0
0.166247,0.14924690000000002,0.12828664,0.0
0.165706,0.1504002,0.12960438,0.0
0.166682,0.1532745,0.1310857,0.0
0.162647,0.1548758,0.13247606,0.0
0.164883,0.15749810000000003,0.13391154,0.0
0.159082,0.158833,0.13513287999999998,0.0
0.152347,0.159629,0.13639298,0.0
0.135192,0.1580457,0.13721632,0.0
0.152617,0.1576069,0.13836072,0.0
0.154093,0.1579496,0.13940976000000002,0.0
0.160064,0.1573313,0.14039285999999998,0.0
0.161568,0.1569175,0.1415566,0.0
0.179714,0.15822070000000002,0.14307046,0.0
0.181356,0.1600916,0.14456012000000001,0.0
0.178588,0.1614621,0.14600496,0.0
0.181967,0.1637506,0.1475157,0.0
0.173802,0.1658961,0.14887484,0.0
0.175383,0.1699152,0.15027298,0.0
0.227473,0.1774008,0.15275156,0.0
0.215864,0.18357790000000002,0.15504073999999998,0.0
0.268639,0.1944354,0.15828504000000002,0.0
0.330453,0.2113239,0.16269936000000002,0.0
0.282558,0.22160829999999998,0.16621742,0.0
0.305994,0.23407209999999998,0.17018976000000002,0.0
0.327082,0.24892149999999996,0.17437828,0.0
0.277263,0.2584511,0.17735605999999998,0.0
0.289569,0.2700278,0.18018362,0.0
0.278004,0.2802899,0.18217806,0.0
0.308341,0.2883767,0.18512552000000004,0.0
0.315738,0.2983641,0.18878168000000004,0.0
0.308247,0.3023249,0.192194,0.0
0.37594,0.30687359999999997,0.19690988,0.0
0.373039,0.31592169999999997,0.20113490000000003,0.0
0.366203,0.32194259999999997,0.20512338,0.0
0.358611,0.32509550000000004,0.20891662,0.0
0.364042,0.3337734,0.21314648000000003,0.0
0.317121,0.33652859999999996,0.21633686000000002,0.0
0.350721,0.3438003,0.22014776000000003,0.0
0.350545,0.3480207,0.22408434,0.0
0.358062,0.3522531,0.22809047999999998,0.0
0.343327,0.3557611,0.23181992,0.0
0.331956,0.35136270000000003,0.23537558,0.0
0.328683,0.3469271,0.23919046,0.0
0.344413,0.3447481,0.24314604000000004,0.0
0.339639,0.3428509,0.24716562,0.0
0.359671,0.3424138,0.25144437999999997,0.0
0.346652,0.34536690000000003,0.25548968,0.0
0.398517,0.3501465,0.26043952000000004,0.0
0.430734,0.3581654,0.2659141,0.0
0.434278,0.365787,0.27158634,0.0
0.479633,0.37941759999999997,0.27785405999999996,0.0
0.53687,0.39990899999999996,0.28527734000000005,0.0
0.626982,0.4297389,0.29448334,0.0
0.647755,0.46007309999999996,0.3041855,0.0
0.684222,0.49453139999999995,0.31457228,0.0
0.764318,0.5349961000000001,0.32667700000000005,0.0
0.884055,0.5887363999999999,0.34131116000000006,0.0
0.899793,0.638864,0.35660318,0.0
0.927413,0.6885319,0.37209909999999996,0.0
0.883162,0.7334203,0.38668048,0.0
0.779532,0.7634101999999999,0.39906984,0.0
0.876553,0.7973785,0.41336954000000004,0.0
0.831766,0.8178569,0.42641058,0.0
0.917636,0.8448450000000001,0.44113618000000004,0.0
0.889125,0.8653353000000001,0.45534692,0.0
1.03326,0.8922295,0.47237278000000005,0.0
1.09559,0.913383,0.49080854,0.0
1.03008,0.9264117000000001,0.5079024799999999,0.0
1.0037,0.9340404,0.5234270200000001,0.0
1.00454,0.9461782000000001,0.53920054,0.0
1.02976,0.971201,0.55442296,0.0
1.05637,0.9891827000000001,0.5689413000000001,0.0
1.30065,1.0360711,0.5893031400000001,0.0
1.22664,1.0669715,0.60771606,0.0
1.27847,1.105906,0.6267438200000001,0.0
1.22436,1.125016,0.6456857599999999,0.0
1.23539,1.1389960000000001,0.6646021799999999,0.0
1.1932,1.1553080000000002,0.6829061,0.0
1.06159,1.161097,0.69797108,0.0
1.13408,1.174051,0.71433792,0.0
1.1253,1.183605,0.73067898,0.0
1.13859,1.191827,0.74593198,0.0
1.13791,1.175553,0.7612294,0.0
1.15118,1.168007,0.7769289400000001,0.0
1.12611,1.152771,0.79227892,0.0
1.11068,1.141403,0.8072116800000001,0.0
1.05827,1.123691,0.82203466,0.0
1.0883,1.1132009999999999,0.83678624,0.0
1.06369,1.113411,0.85104914,0.0
1.02346,1.1023489999999998,0.8643571,0.0
1.2175,1.111569,0.88184056,0.0
1.40248,1.1379579999999998,0.90325104,0.0
1.22926,1.147093,0.92126258,0.0
1.27037,1.159012,0.93978172,0.0
1.22115,1.1685159999999999,0.9574119400000001,0.0
1.19076,1.1765240000000001,0.97403372,0.0
1.12823,1.1835200000000001,0.9896652800000001,0.0
1.10635,1.185325,1.00382194,0.0
1.08777,1.1877330000000001,1.01696266,0.0
1.12169,1.197556,1.0307108999999999,0.0
1.17854,1.19366,1.04468904,0.0
1.18971,1.1723830000000002,1.05774584,0.0
1.1874,1.168197,1.0689542,0.0
1.19164,1.1603240000000001,1.0798319,0.0
1.19052,1.1572609999999999,1.08995786,0.0
1.18662,1.156847,1.0984039,0.0
1.1902,1.163044,1.1045268,0.0
1.22123,1.1745320000000001,1.11095554,0.0
1.17683,1.183438,1.11594388,0.0
1.18489,1.1897579999999999,1.1219784400000001,0.0
1.20464,1.1923679999999999,1.1304806,0.0
1.26693,1.2000899999999999,1.13828814,0.0
1.18574,1.199924,1.14536762,0.0
1.20852,1.201612,1.1511853,0.0
1.21253,1.203813,1.1576534,0.0
1.22272,1.207423,1.1614426,0.0
1.32875,1.221278,1.1661058,0.0
1.3058,1.229735,1.1716202,0.0
1.45364,1.257416,1.180619,0.0
1.44111,1.283038,1.1893504,0.0
1.4621,1.308784,1.1979972,0.0
1.43375,1.325466,1.2055448,0.0
1.14532,1.321424,1.2024382,0.0
1.31889,1.332461,1.2042831999999999,0.0
1.15868,1.327076,1.2018874,0.0
1.24621,1.329425,1.2023244000000002,0.0
1.18936,1.315486,1.2014038,0.0
1.07586,1.292492,1.199057,0.0
1.14856,1.261984,1.2007964,0.0
1.09517,1.22739,1.2000182000000001,0.0
1.17886,1.199066,1.2010894,0.0
1.24328,1.1800190000000002,1.2031832,0.0
1.31654,1.197141,1.2067558,0.0
1.31498,1.1967500000000002,1.2100318,0.0
1.31266,1.212148,1.2137628,0.0
1.36287,1.2238140000000002,1.2188066,0.0
1.3155,1.236428,1.2239512,0.0
1.34634,1.263476,1.229112,0.0
1.29342,1.277962,1.2337066,0.0
1.29796,1.298241,1.2391966,0.0
1.48307,1.328662,1.244508,0.0
1.58729,1.363063,1.2482042000000002,0.0
1.63077,1.3944860000000001,1.2562344,0.0
1.61807,1.424795,1.2631884,0.0
1.75804,1.469333,1.2739262,0.0
1.62948,1.495994,1.2827006,0.0
1.8176,1.546204,1.2964879999999999,0.0
1.61902,1.573472,1.3067414,0.0
1.86644,1.630774,1.3223147999999998,0.0
2.15044,1.7160220000000002,1.3428898,0.0
2.26014,1.7937289999999997,1.3645218,0.0
2.11203,1.8462029999999998,1.3829681999999999,0.0
2.06716,1.8898420000000002,1.4005634,0.0
1.84045,1.91208,1.4135396,0.0
1.54243,1.890519,1.4205777999999998,0.0
1.76288,1.903859,1.4321030000000001,0.0
1.50439,1.872538,1.4383867999999997,0.0
1.48045,1.858681,1.4435712,0.0
1.36757,1.808794,1.4473859999999998,0.0
1.53661,1.747411,1.4544203999999998,0.0
1.67147,1.6885439999999998,1.463757,0.0
1.63287,1.640628,1.4710758000000002,0.0
1.66317,1.600229,1.4806244000000002,0.0
1.54474,1.570658,1.4873488000000001,0.0
1.47745,1.5641599999999998,1.4926471999999997,0.0
1.53906,1.541778,1.498974,0.0
1.7065,1.561989,1.5065290000000002,0.0
1.75134,1.589078,1.5154398,0.0
1.75646,1.627967,1.5214962,0.0
1.75788,1.650094,1.5278315999999998,0.0
1.74604,1.6575510000000002,1.5335104000000002,0.0
1.67294,1.661558,1.5382942,0.0
1.72517,1.6677579999999999,1.5498912000000002,0.0
1.51638,1.664922,1.5538410000000002,0.0
1.5122,1.6683970000000001,1.5609114,0.0
1.59685,1.6741759999999999,1.5679242,0.0
1.5251,1.6560359999999998,1.574639,0.0
1.37514,1.6184160000000003,1.5806246,0.0
1.45897,1.588667,1.5868328,0.0
1.53229,1.566108,1.5955752,0.0
1.57374,1.5488780000000002,1.6034727999999998,0.0
1.54832,1.536416,1.6095736,0.0
1.52643,1.516542,1.6137714,0.0
1.47551,1.512455,1.6169820000000001,0.0
1.39745,1.50098,1.6186777999999997,0.0
1.39651,1.480946,1.6193506,0.0
1.36692,1.465128,1.6203789999999998,0.0
1.26245,1.453859,1.6187011999999998,0.0
1.23622,1.431584,1.6175572,0.0
1.28072,1.406427,1.6172123999999999,0.0
1.37629,1.386682,1.6150768,0.0
1.26075,1.357925,1.608546,0.0
1.29201,1.334483,1.6017708000000002,0.0
1.3193,1.318862,1.5957954,0.0
1.33049,1.312166,1.5872443999999999,0.0
1.34553,1.307068,1.5815653999999997,0.0
1.34432,1.304808,1.5720998,0.0
1.30114,1.3086769999999999,1.5657421999999999,0.0
1.36454,1.321509,1.5557042,0.0
1.42149,1.335586,1.5411252000000002,0.0
1.42071,1.340028,1.5243366,0.0
1.42035,1.355988,1.5105030000000002,0.0
1.42843,1.36963,1.4977284,0.0
1.38535,1.3762349999999999,1.4886264,0.0
1.32208,1.375394,1.4842194,0.0
1.34329,1.37517,1.4758275999999997,0.0
1.328,1.373538,1.4722998,0.0
1.36258,1.379682,1.4699423999999999,0.0
1.30914,1.374142,1.4687738000000001,0.0
1.21599,1.353592,1.4623614,0.0
1.2463,1.3361509999999999,1.453858,0.0
1.23741,1.317857,1.4459487999999998,0.0
1.16075,1.291089,1.4359004000000002,0.0
1.20698,1.2732519999999998,1.4291451999999998,0.0
1.17273,1.258317,1.4230508,0.0
1.05344,1.2293319999999999,1.4133384,0.0
1.07042,1.203574,1.4006167999999999,0.0
1.1627,1.1835859999999998,1.388844,0.0
1.19377,1.172049,1.3775902000000002,0.0
1.20865,1.171315,1.3666056,0.0
1.2257,1.1692550000000002,1.3561988,0.0
1.31962,1.177476,1.3491324,0.0
1.23437,1.1848379999999998,1.3393164,0.0
1.27441,1.191581,1.334477,0.0
1.26746,1.201054,1.3295822000000002,0.0
1.31222,1.2269320000000001,1.3238896,0.0
1.31524,1.251414,1.3196924,0.0
1.38565,1.273709,1.3199026,0.0
1.32036,1.286368,1.3171303999999997,0.0
1.28251,1.293754,1.3121347999999997,0.0
1.3476,1.305944,1.307612,0.0
1.37923,1.3119049999999999,1.3042302000000001,0.0
1.36996,1.3254639999999998,1.3011007999999997,0.0
1.44564,1.342587,1.3005034,0.0
1.46211,1.3620519999999998,1.3017965999999999,0.0
1.4202,1.3728500000000001,1.3022703999999998,0.0
1.4595,1.387276,1.3041219999999998,0.0
1.71183,1.419894,1.3131096,0.0
1.85382,1.47324,1.3254616,0.0
1.91405,1.536394,1.3381281999999999,0.0
2.11096,1.6127299999999998,1.3528215999999997,0.0
2.16022,1.6908290000000001,1.370811,0.0
2.1233,1.766163,1.3874368000000001,0.0
2.12196,1.8337949999999998,1.4034900000000001,0.0
1.96789,1.884373,1.4162379999999999,0.0
2.10236,1.9525889999999997,1.4313746,0.0
2.3906,2.045699,1.4523002,0.0
2.47978,2.1224939999999997,1.475873,0.0
2.49483,2.1865949999999996,1.4984788,0.0
2.79966,2.275156,1.5260422,0.0
2.85057,2.349117,1.5546394000000001,0.0
2.72725,2.40582,1.5807774,0.0
2.6397,2.45746,1.6050027999999998,0.0
2.56699,2.501963,1.6286356,0.0
2.84941,2.590115,1.6591821999999998,0.0
2.75929,2.6558079999999995,1.6875022,0.0
2.79783,2.696531,1.7168987999999998,0.0
2.79785,2.728338,1.7456041999999998,0.0
2.75874,2.754729,1.7745962,0.0
3.01349,2.7761120000000004,1.8105462,0.0
2.96754,2.787809,1.8449710000000001,0.0
2.95901,2.810985,1.8794029999999997,0.0
2.86039,2.8330539999999997,1.9133958000000002,0.0
2.89392,2.865747,1.9471346,0.0
2.8296,2.863766,1.980272,0.0
2.4696,2.834797,2.0085952000000002,0.0
2.4204,2.797054,2.0355948,0.0
2.5452,2.771789,2.0632448,0.0
2.3806,2.733975,2.0869814,0.0
